method,table,check,cbmc,esbmc,wp
eval_smax_bound,contract,sfull32,Y,Y,Y
eval_smax_bound,contract,sfull64,Y,Y,Y
eval_smax_bound,contract,unchanged_u,Y,Y,Y
eval_smax_bound,contract,unchanged_mask,Y,Y,Y
eval_smax_bound,contract,unchanged_v,Y,Y,Y
eval_smax_bound,contract,sord,Y,Y,Y
eval_smax_bound,contract,swidth,Y,Y,Y
eval_smax_bound,memsafety,bounds,Y,Y,Y
eval_smax_bound,memsafety,pointer,Y,Y,Y
eval_smax_bound,memsafety,division,Y,Y,-
eval_smax_bound,memsafety,signed-overflow,Y,Y,-
eval_smax_bound,memsafety,unsigned-overflow,Y,Y,-
eval_smax_bound,memsafety,shift,Y,Y,-
eval_smax_bound,memsafety,memory-leak,Y,Y,-
eval_smax_bound,memsafety,nan,Y,Y,-
eval_smax_bound,memsafety,struct-fields,-,Y,-
eval_smax_bound,memsafety,data-races,-,Y,-
eval_smax_bound,memsafety,deadlock,-,Y,-
eval_smax_bound,memsafety,lock-order,-,Y,-
eval_smax_bound,memsafety,atomicity,-,Y,-
eval_umax_bound,contract,ufull,Y,Y,Y
eval_umax_bound,contract,umax_ok,Y,Y,Y
eval_umax_bound,contract,unchanged_s,Y,Y,Y
eval_umax_bound,contract,unchanged_mask,Y,Y,Y
eval_umax_bound,contract,unchanged_v,Y,Y,Y
eval_umax_bound,contract,uord,Y,Y,Y
eval_umax_bound,contract,uwidth,Y,Y,Y
eval_umax_bound,memsafety,bounds,Y,Y,Y
eval_umax_bound,memsafety,pointer,Y,Y,Y
eval_umax_bound,memsafety,division,Y,Y,-
eval_umax_bound,memsafety,signed-overflow,Y,Y,-
eval_umax_bound,memsafety,unsigned-overflow,Y,Y,-
eval_umax_bound,memsafety,shift,Y,Y,-
eval_umax_bound,memsafety,memory-leak,Y,Y,-
eval_umax_bound,memsafety,nan,Y,Y,-
eval_umax_bound,memsafety,struct-fields,-,Y,-
eval_umax_bound,memsafety,data-races,-,Y,-
eval_umax_bound,memsafety,deadlock,-,Y,-
eval_umax_bound,memsafety,lock-order,-,Y,-
eval_umax_bound,memsafety,atomicity,-,Y,-
eval_max_bound,contract,ufull,Y,Y,Y
eval_max_bound,contract,umax_ok,Y,Y,Y
eval_max_bound,contract,sfull32,Y,Y,Y
eval_max_bound,contract,sfull64,Y,Y,Y
eval_max_bound,contract,unchanged_mask,Y,Y,Y
eval_max_bound,contract,unchanged_v,Y,Y,Y
eval_max_bound,contract,uord,Y,Y,Y
eval_max_bound,contract,sord,Y,Y,Y
eval_max_bound,contract,valid,Y,Y,Y
eval_max_bound,contract,consist_min,-,-,Y
eval_max_bound,contract,consist_max,-,-,Y
eval_max_bound,contract,uwidth,Y,Y,Y
eval_max_bound,contract,swidth,Y,Y,Y
eval_max_bound,memsafety,bounds,Y,Y,-
eval_max_bound,memsafety,pointer,Y,Y,-
eval_max_bound,memsafety,division,Y,Y,-
eval_max_bound,memsafety,signed-overflow,Y,Y,-
eval_max_bound,memsafety,unsigned-overflow,Y,Y,-
eval_max_bound,memsafety,shift,Y,Y,-
eval_max_bound,memsafety,memory-leak,Y,Y,-
eval_max_bound,memsafety,nan,Y,Y,-
eval_max_bound,memsafety,struct-fields,-,Y,-
eval_max_bound,memsafety,data-races,-,Y,-
eval_max_bound,memsafety,deadlock,-,Y,-
eval_max_bound,memsafety,lock-order,-,Y,-
eval_max_bound,memsafety,atomicity,-,Y,-
eval_fill_max_bound,contract,ufull,Y,Y,Y
eval_fill_max_bound,contract,umax_ok,Y,Y,Y
eval_fill_max_bound,contract,sfull32,Y,Y,Y
eval_fill_max_bound,contract,sfull64,Y,Y,Y
eval_fill_max_bound,contract,mask_set,Y,Y,Y
eval_fill_max_bound,contract,mask_ok,Y,Y,Y
eval_fill_max_bound,contract,type_raw,Y,Y,Y
eval_fill_max_bound,contract,unchanged_size,Y,Y,Y
eval_fill_max_bound,contract,unchanged_buf,Y,Y,Y
eval_fill_max_bound,contract,uord,Y,Y,Y
eval_fill_max_bound,contract,sord,Y,Y,Y
eval_fill_max_bound,contract,valid,Y,Y,Y
eval_fill_max_bound,contract,consist_min,-,-,Y
eval_fill_max_bound,contract,consist_max,-,-,Y
eval_fill_max_bound,contract,uwidth,Y,Y,Y
eval_fill_max_bound,contract,swidth,Y,Y,Y
eval_fill_max_bound,contract,type_ok,Y,Y,Y
eval_fill_max_bound,memsafety,bounds,Y,Y,Y
eval_fill_max_bound,memsafety,pointer,Y,Y,Y
eval_fill_max_bound,memsafety,division,Y,Y,-
eval_fill_max_bound,memsafety,signed-overflow,Y,Y,-
eval_fill_max_bound,memsafety,unsigned-overflow,Y,Y,-
eval_fill_max_bound,memsafety,shift,Y,Y,-
eval_fill_max_bound,memsafety,memory-leak,Y,Y,-
eval_fill_max_bound,memsafety,nan,Y,Y,-
eval_fill_max_bound,memsafety,struct-fields,-,Y,-
eval_fill_max_bound,memsafety,data-races,-,Y,-
eval_fill_max_bound,memsafety,deadlock,-,Y,-
eval_fill_max_bound,memsafety,lock-order,-,Y,-
eval_fill_max_bound,memsafety,atomicity,-,Y,-
eval_apply_mask,contract,umin64,Y,Y,Y
eval_apply_mask,contract,umax64,Y,Y,Y
eval_apply_mask,contract,uwiden32,Y,Y,Y
eval_apply_mask,contract,ukeep32,Y,Y,Y
eval_apply_mask,contract,mask_set,Y,Y,Y
eval_apply_mask,contract,mask_ok,Y,Y,Y
eval_apply_mask,contract,smin32,Y,Y,Y
eval_apply_mask,contract,smax32,Y,Y,Y
eval_apply_mask,contract,smin64,Y,Y,Y
eval_apply_mask,contract,smax64,Y,Y,Y
eval_apply_mask,contract,unchanged_v,Y,Y,Y
eval_apply_mask,contract,uord,Y,Y,Y
eval_apply_mask,contract,sord,Y,Y,Y
eval_apply_mask,contract,uwidth,Y,Y,Y
eval_apply_mask,contract,swidth,Y,Y,Y
eval_apply_mask,contract,consist_min,Y,Y,Y
eval_apply_mask,contract,consist_max,Y,Y,Y
eval_apply_mask,contract,usound,Y,Y,Y
eval_apply_mask,contract,ssound,Y,Y,Y
eval_apply_mask,memsafety,bounds,Y,Y,Y
eval_apply_mask,memsafety,pointer,Y,Y,Y
eval_apply_mask,memsafety,division,Y,Y,-
eval_apply_mask,memsafety,signed-overflow,Y,Y,-
eval_apply_mask,memsafety,unsigned-overflow,!,!,-
eval_apply_mask,memsafety,shift,Y,Y,-
eval_apply_mask,memsafety,memory-leak,Y,Y,-
eval_apply_mask,memsafety,nan,Y,Y,-
eval_apply_mask,memsafety,struct-fields,-,Y,-
eval_apply_mask,memsafety,data-races,-,Y,-
eval_apply_mask,memsafety,deadlock,-,Y,-
eval_apply_mask,memsafety,lock-order,-,Y,-
eval_apply_mask,memsafety,atomicity,-,Y,-
eval_sub,contract,unchanged_v,Y,Y,Y
eval_sub,contract,unchanged_mask,Y,Y,Y
eval_sub,contract,type_ok,Y,Y,Y
eval_sub,contract,uord,Y,Y,Y
eval_sub,contract,sord,Y,Y,Y
eval_sub,contract,uwidth,Y,Y,Y
eval_sub,contract,swidth,Y,Y,Y
eval_sub,contract,usound,Y,Y,Y
eval_sub,contract,ssound,Y,Y,Y
eval_sub,memsafety,bounds,Y,Y,Y
eval_sub,memsafety,pointer,Y,Y,Y
eval_sub,memsafety,division,Y,Y,-
eval_sub,memsafety,signed-overflow,Y,Y,-
eval_sub,memsafety,unsigned-overflow,!,!,-
eval_sub,memsafety,shift,Y,Y,-
eval_sub,memsafety,memory-leak,Y,Y,-
eval_sub,memsafety,nan,Y,Y,-
eval_sub,memsafety,struct-fields,-,Y,-
eval_sub,memsafety,data-races,-,Y,-
eval_sub,memsafety,deadlock,-,Y,-
eval_sub,memsafety,lock-order,-,Y,-
eval_sub,memsafety,atomicity,-,Y,-
eval_add,contract,type_ok,Y,Y,Y
eval_add,contract,uord,Y,Y,Y
eval_add,contract,sord,Y,Y,Y
eval_add,contract,uwidth,Y,Y,Y
eval_add,contract,swidth,Y,Y,Y
eval_add,contract,usound,Y,Y,Y
eval_add,contract,ssound,Y,Y,T
eval_add,memsafety,bounds,Y,Y,Y
eval_add,memsafety,pointer,Y,Y,Y
eval_add,memsafety,division,Y,Y,-
eval_add,memsafety,signed-overflow,Y,Y,-
eval_add,memsafety,unsigned-overflow,!,!,-
eval_add,memsafety,shift,Y,Y,-
eval_add,memsafety,memory-leak,Y,Y,-
eval_add,memsafety,nan,Y,Y,-
eval_add,memsafety,struct-fields,-,Y,-
eval_add,memsafety,data-races,-,Y,-
eval_add,memsafety,deadlock,-,Y,-
eval_add,memsafety,lock-order,-,Y,-
eval_add,memsafety,atomicity,-,Y,-
-,environment,frama-c,32.0 (Germanium),,
-,environment,cbmc,6.9.0 (cbmc-6.9.0),,
-,environment,esbmc,ESBMC version 8.4.0 64-bit aarch64 macos,,
-,environment,z3,Z3 version 4.15.4 - 64 bit,,
-,environment,alt-ergo,v2.6.2,,
-,environment,host,Darwin arm64,,
